model,r2,rmse
RandomForestRegressor,0.9997797514295882,1.2545961667358185
XGBoostRegressor,0.9999999999900042,0.00026727309905750547
ARIMA(PM2.5),0.0,2.7931283340364375
